{"cameraMode":{"drawMode":0,"name":"Shaded","section":"Shading Mode"},"sceneLighting":false,"audioPlay":false,"sceneViewState":{"showFog":true,"showMaterialUpdate":false,"showSkybox":true,"showFlares":true,"showImageEffects":true,"showParticleSystems":true},"in2DMode":false,"pivot":{"x":0.0,"y":-1.5450751781463624,"z":2.4000000953674318},"rotation":{"x":-0.0850125178694725,"y":0.9127379655838013,"z":-0.24702225625514985,"w":-0.3141056299209595},"size":12.275320053100586,"orthographic":false}