{"cameraMode":{"drawMode":0,"name":"Shaded","section":"Shading Mode"},"sceneLighting":true,"audioPlay":false,"sceneViewState":{"showFog":true,"showMaterialUpdate":false,"showSkybox":true,"showFlares":true,"showImageEffects":true,"showParticleSystems":true},"in2DMode":false,"pivot":{"x":15.15999984741211,"y":4.21999979019165,"z":29.010000228881837},"rotation":{"x":0.12217928469181061,"y":0.11436401307582855,"z":-0.014172093942761422,"w":0.985795259475708},"size":3.6895108222961427,"orthographic":false}