{"cameraMode":{"drawMode":0,"name":"Shaded","section":"Shading Mode"},"sceneLighting":false,"audioPlay":false,"sceneViewState":{"showFog":true,"showMaterialUpdate":false,"showSkybox":true,"showFlares":true,"showImageEffects":true,"showParticleSystems":true},"in2DMode":false,"pivot":{"x":0.0,"y":-0.15853047370910645,"z":1.700419306755066},"rotation":{"x":0.0025286537129431965,"y":-0.9926985502243042,"z":0.021160488948225976,"w":0.11872466653585434},"size":37.16988754272461,"orthographic":false}