{"cameraMode":{"drawMode":0,"name":"Shaded","section":"Shading Mode"},"sceneLighting":true,"audioPlay":false,"sceneViewState":{"showFog":true,"showMaterialUpdate":false,"showSkybox":true,"showFlares":true,"showImageEffects":true,"showParticleSystems":true},"in2DMode":false,"pivot":{"x":29.911178588867189,"y":0.9696524143218994,"z":24.119176864624025},"rotation":{"x":0.19645413756370545,"y":0.07369348406791687,"z":-0.014813440851867199,"w":0.9776275753974915},"size":5.475741863250732,"orthographic":false}