{"cameraMode":{"drawMode":0,"name":"Shaded","section":"Shading Mode"},"sceneLighting":false,"audioPlay":false,"sceneViewState":{"showFog":true,"showMaterialUpdate":false,"showSkybox":true,"showFlares":true,"showImageEffects":true,"showParticleSystems":true},"in2DMode":false,"pivot":{"x":8.439302444458008,"y":1.265295147895813,"z":2.3911359310150148},"rotation":{"x":0.08889995515346527,"y":-0.7729669213294983,"z":0.11114420741796494,"w":0.6182765364646912},"size":7.623997211456299,"orthographic":false}