{"cameraMode":{"drawMode":0,"name":"Shaded","section":"Shading Mode"},"sceneLighting":false,"audioPlay":false,"sceneViewState":{"showFog":true,"showMaterialUpdate":false,"showSkybox":true,"showFlares":true,"showImageEffects":true,"showParticleSystems":true},"in2DMode":false,"pivot":{"x":53.81813430786133,"y":4.981245040893555,"z":29.691709518432618},"rotation":{"x":0.12418123334646225,"y":-0.06966473907232285,"z":0.008741771802306176,"w":0.9897724986076355},"size":37.13505554199219,"orthographic":false}