{"cameraMode":{"drawMode":0,"name":"Shaded","section":"Shading Mode"},"sceneLighting":false,"audioPlay":false,"sceneViewState":{"showFog":true,"showMaterialUpdate":false,"showSkybox":true,"showFlares":true,"showImageEffects":true,"showParticleSystems":true},"in2DMode":false,"pivot":{"x":0.0,"y":2.032839298248291,"z":0.1399993896484375},"rotation":{"x":0.017964979633688928,"y":-0.9786498546600342,"z":0.17991799116134644,"w":0.09773077070713043},"size":82.0179443359375,"orthographic":false}