{"cameraMode":{"drawMode":0,"name":"Shaded","section":"Shading Mode"},"sceneLighting":false,"audioPlay":false,"sceneViewState":{"showFog":true,"showMaterialUpdate":false,"showSkybox":true,"showFlares":true,"showImageEffects":true,"showParticleSystems":true},"in2DMode":false,"pivot":{"x":0.0,"y":0.808866024017334,"z":0.06999969482421875},"rotation":{"x":-0.08588863909244538,"y":-0.5186152458190918,"z":0.052459023892879489,"w":-0.8490639328956604},"size":28.299928665161134,"orthographic":false}