{"cameraMode":{"drawMode":0,"name":"Shaded","section":"Shading Mode"},"sceneLighting":false,"audioPlay":false,"sceneViewState":{"showFog":true,"showMaterialUpdate":false,"showSkybox":true,"showFlares":true,"showImageEffects":true,"showParticleSystems":true},"in2DMode":false,"pivot":{"x":53.59785461425781,"y":1.265295147895813,"z":32.49943923950195},"rotation":{"x":0.017875172197818757,"y":-0.9816542267799377,"z":0.14867320656776429,"w":0.11803287267684937},"size":7.6239914894104,"orthographic":false}