{"cameraMode":{"drawMode":2,"name":"Shaded Wireframe","section":"Shading Mode"},"sceneLighting":false,"audioPlay":false,"sceneViewState":{"showFog":true,"showMaterialUpdate":false,"showSkybox":true,"showFlares":true,"showImageEffects":true,"showParticleSystems":true},"in2DMode":false,"pivot":{"x":0.7999999523162842,"y":5.952500343322754,"z":1.315000057220459},"rotation":{"x":-0.24354326725006104,"y":0.6655293703079224,"z":-0.24511973559856416,"w":-0.6615691184997559},"size":29.451438903808595,"orthographic":false}