{"cameraMode":{"drawMode":0,"name":"Shaded","section":"Shading Mode"},"sceneLighting":false,"audioPlay":false,"sceneViewState":{"showFog":true,"showMaterialUpdate":false,"showSkybox":true,"showFlares":true,"showImageEffects":true,"showParticleSystems":true},"in2DMode":false,"pivot":{"x":-3.509416103363037,"y":1.2605113983154297,"z":-5.492336750030518},"rotation":{"x":-0.0850125178694725,"y":0.9127379655838013,"z":-0.24702225625514985,"w":-0.3141056299209595},"size":7.7299113273620609,"orthographic":false}