{"cameraMode":{"drawMode":0,"name":"Shaded","section":"Shading Mode"},"sceneLighting":false,"audioPlay":false,"sceneViewState":{"showFog":true,"showMaterialUpdate":false,"showSkybox":true,"showFlares":true,"showImageEffects":true,"showParticleSystems":true},"in2DMode":false,"pivot":{"x":0.0,"y":-0.9810009002685547,"z":0.6923389434814453},"rotation":{"x":0.054453153163194659,"y":-0.9451861381530762,"z":0.24065439403057099,"w":0.21387730538845063},"size":105.93385314941406,"orthographic":false}